pid,start_time,end_time
15,7340001362639,7340011558825
1,7340011565038,7340021717259
5,7340021723926,7340031898058
11,7340031900751,7340042137856
3,7340042142586,7340052355886
9,7340052361413,7340062484424
7,7340062488075,7340072614314
2,7340072620729,7340072621294
8,7340072622282,7340072622474
12,7340072625793,7340072625964
6,7340072626589,7340072626741
2,7340072627185,7340072627336
10,7340072627870,7340072628022
8,7340072628476,7340072628627
4,7340072629141,7340072629303
13,7340072629787,7340082745636
2,7340082747562,7340082747865
12,7340082749731,7340082749923
6,7340082750508,7340082750719
14,7340082751133,7340082751294
10,7340082751869,7340082752011
16,7340082752495,7340082752646
4,7340082753140,7340082753302
8,7340082753705,7340082753857
2,7340082754321,7340082754603
6,7340082755128,7340082755329
14,7340082755813,7340082755985
10,7340082756550,7340082756711
12,7340082757205,7340082757337
16,7340082757811,7340082757962
2,7340082758416,7340082758638
6,7340082759142,7340082759304
4,7340082759818,7340082759959
10,7340082760917,7340082761089
8,7340082761533,7340082761674
14,7340082762098,7340082762289
12,7340082762773,7340082762905
6,7340082763318,7340082763449
2,7340082763913,7340082764055
16,7340082764458,7340082764599
10,7340082765003,7340082765134
14,7340082765558,7340082765699
5,7340082766082,7340092932567
8,7340092935130,7340092935321
4,7340092936199,7340092936360
1,7340092936965,7340103106850
6,7340103109281,7340103109594
11,7340103110098,7340113287417
2,7340113290161,7340113290504
12,7340113291159,7340113291311
10,7340113291845,7340113292047
3,7340113292551,7340123518117
14,7340123523069,7340123523392
16,7340123523997,7340123524169
4,7340123524714,7340123524935
7,7340123525581,7340133760083
8,7340133765470,7340133765712
6,7340133766135,7340133766519
2,7340133767295,7340133767608
10,7340133768092,7340133768254
12,7340133768768,7340133768919
14,7340133769424,7340133769575
16,7340133770130,7340133770291
6,7340133770765,7340133770977
2,7340133771451,7340133771613
10,7340133780913,7340133781064
8,7340133781589,7340133781740
4,7340133782365,7340133782517
14,7340133783031,7340133783183
12,7340133783747,7340133783899
2,7340133784373,7340133784524
15,7340133785018,7340143973463
6,7340143977710,7340143977902
13,7340143978517,7340154183837
14,7340154187459,7340154187670
16,7340154188296,7340154188457
10,7340154189093,7340154189244
4,7340154189869,7340154190021
8,7340154190686,7340154190818
6,7340154191302,7340154191453
12,7340154191917,7340154192078
2,7340154192583,7340154192744
9,7340154193208,7340164369639
14,7340164371818,7340164372050
10,7340164372938,7340164373130
16,7340164373715,7340164373886
4,7340164374320,7340164374471
6,7340164375056,7340164375268
8,7340164375813,7340164375964
2,7340164376549,7340164376690
14,7340164377275,7340164377427
10,7340164378032,7340164378183
12,7340164378718,7340164378879
2,7340164379434,7340164379585
16,7340164380140,7340164380291
6,7340164381088,7340164381250
8,7340164381915,7340164382077
10,7340164382581,7340164382793
4,7340164383328,7340164383479
14,7340164383983,7340164384124
12,7340164384659,7340164384820
5,7340164385315,7340174580205
6,7340174585087,7340174585420
2,7340174585904,7340174586056
1,7340174586742,7340184778142
14,7340184782479,7340184782772
11,7340184783307,7340194998916
16,7340195006441,7340195006854
10,7340195007883,7340195008055
3,7340195008579,7340205180693
4,7340205182458,7340205182771
8,7340205183396,7340205183548
12,7340205184092,7340205184244
2,7340205184748,7340205184980
6,7340205185474,7340205185626
14,7340205186201,7340205186342
7,7340205186856,7340215357054
10,7340215358688,7340215358991
16,7340215359535,7340215359676
8,7340215360140,7340215360302
6,7340215360746,7340215360978
4,7340215361442,7340215361573
2,7340215362077,7340215362218
12,7340215362753,7340215362904
14,7340215363409,7340215363620
10,7340215365587,7340215365739
16,7340215366233,7340215366394
6,7340215366969,7340215367111
2,7340215367897,7340215368059
4,7340215373173,7340215373304
8,7340215373899,7340215374030
14,7340215374504,7340215374777
10,7340215375261,7340215375473
13,7340215375997,7340225550431
12,7340225552156,7340225552368
6,7340225552953,7340225553125
2,7340225553599,7340225553750
16,7340225554264,7340225554395
14,7340225554910,7340225555041
10,7340225555555,7340225555707
4,7340225556251,7340225556403
8,7340225556887,7340225557038
12,7340225557643,7340225557775
6,7340225558430,7340225558582
2,7340225559096,7340225559257
14,7340225559762,7340225559923
10,7340225560337,7340225560498
16,7340225561013,7340225561174
6,7340225561648,7340225561799
2,7340225562273,7340225562435
4,7340225562929,7340225563060
8,7340225563534,7340225563686
10,7340225564190,7340225564341
12,7340225564815,7340225564977
14,7340225565461,7340225565612
15,7340225566177,7340235738120
16,7340235739875,7340235740097
2,7340235740702,7340235740863
6,7340235741469,7340235741620
4,7340235742144,7340235742276
14,7340235742719,7340235742881
1,7340235743294,7340246030511
10,7340246038016,7340246038470
5,7340246039267,7340256244396
8,7340256247230,7340256247563
12,7340256248360,7340256248582
11,7340256249227,7340266445348
2,7340266448294,7340266448637
3,7340266449525,7340276671297
6,7340276675392,7340276675806
16,7340276676925,7340276677228
9,7340276678368,7340286905618
14,7340286910369,7340286910974
10,7340286912376,7340286912679
7,7340286913909,7340297135782
4,7340297139666,7340297140251
8,7340297141512,7340297141784
2,7340297142763,7340297143116
12,7340297144024,7340297144296
6,7340297145274,7340297145587
10,7340297146525,7340297146838
14,7340297147846,7340297148149
16,7340297149188,7340297149501
8,7340297150368,7340297150711
4,7340297151609,7340297151912
2,7340297152880,7340297153394
6,7340297154252,7340297154635
10,7340297155664,7340297155936
14,7340297156763,7340297157036
12,7340297157843,7340297158105
13,7340297159003,7340307387453
16,7340307390943,7340307391558
2,7340307392405,7340307392950
6,7340307393908,7340307394332
4,7340307395280,7340307395553
10,7340307396571,7340307396884
14,7340307398185,7340307398458
8,7340307399466,7340307399739
12,7340307401686,7340307401958
2,7340307402967,7340307403269
6,7340307404419,7340307404691
16,7340307405751,7340307406053
10,7340307407001,7340307407385
14,7340307408444,7340307408757
4,7340307409594,7340307409896
8,7340307410885,7340307411157
2,7340307412075,7340307412388
6,7340307413306,7340307413618
12,7340307414567,7340307414869
10,7340307415626,7340307415898
14,7340307417230,7340307417502
16,7340307418501,7340307418773
8,7340307419600,7340307419903
4,7340307420780,7340307421043
2,7340307421850,7340307422384
6,7340307423302,7340307423685
10,7340307424543,7340307424815
14,7340307425652,7340307425955
12,7340307426893,7340307427206
5,7340307428134,7340317641594
1,7340317644893,7340327861339
16,7340327865082,7340327865485
11,7340327866665,7340338124763
2,7340338130039,7340338130654
6,7340338131743,7340338132116
8,7340338133095,7340338133387
14,7340338134336,7340338134810
4,7340338135758,7340338136091
3,7340338137019,7340348319803
10,7340348321770,7340348321881
12,7340348322405,7340348322567
7,7340348323152,7340358496486
6,7340358498393,7340358498615
2,7340358499180,7340358499331
16,7340358499886,7340358500047
14,7340358500592,7340358500794
8,7340358501328,7340358501479
4,7340358501984,7340358502115
12,7340358502599,7340358502760
6,7340358503265,7340358503416
2,7340358503920,7340358504062
14,7340358504566,7340358504727
16,7340358505141,7340358505272
4,7340358505736,7340358505877
6,7340358506483,7340358506694
8,7340358507229,7340358507380
15,7340358509186,7340368731009
2,7340368736567,7340368736920
14,7340368737828,7340368738080
13,7340368739068,7340379048912
12,7340379055429,7340379056104
6,7340379056962,7340379057295
2,7340379058162,7340379058435
16,7340379059373,7340379059615
9,7340379060291,7340389306361
14,7340389310648,7340389310960
4,7340389312322,7340389312564
8,7340389339870,7340389339961
12,7340389340939,7340389341373
6,7340389342170,7340389342422
2,7340389343370,7340389343612
14,7340389344439,7340389344681
16,7340389345408,7340389345629
4,7340389346285,7340389346507
12,7340389347294,7340389347516
6,7340389348232,7340389348484
2,7340389349160,7340389349412
14,7340389350088,7340389350340
16,7340389350996,7340389351218
6,7340389351914,7340389351994
2,7340389352822,7340389353074
5,7340389353679,7340399609747
1,7340399615174,7340409846126
4,7340409851068,7340409851290
14,7340409851946,7340409852107
11,7340409852733,7340420029860
12,7340420031696,7340420031887
3,7340420032483,7340430208399
2,7340430210064,7340430210356
16,7340430210901,7340430211062
7,7340430211607,7340440441963
4,7340440445544,7340440445978
14,7340440447239,7340440447632
12,7340440448742,7340440449065
2,7340440449892,7340440450194
14,7340440451486,7340440451778
16,7340440452706,7340440452999
4,7340440453846,7340440454139
12,7340440455157,7340440455420
2,7340440456297,7340440456711
14,7340440457487,7340440457780
16,7340440458799,7340440459091
13,7340440459959,7340450652196
2,7340450655162,7340450655333
4,7340450656019,7340450656524
12,7340450657421,7340450657744
14,7340450658581,7340450658924
16,7340450659630,7340450659903
4,7340450660498,7340450660579
14,7340450661305,7340450661749
12,7340450662485,7340450662707
16,7340450663464,7340450663716
14,7340450664432,7340450664775
15,7340450665531,7340460833590
12,7340460835487,7340460835588
1,7340460836183,7340471071452
5,7340471076989,7340481275259
14,7340481278941,7340481279435
11,7340481280424,7340491464158
16,7340491467487,7340491467951
3,7340491468747,7340501639127
14,7340501640831,7340501640942
9,7340501641426,7340511805562
7,7340511807095,7340521996478
16,7340521999685,7340522000392
16,7340522001390,7340522001834
13,7340522002580,7340532164254
16,7340532165949,7340532166363
16,7340532166887,7340532167200
16,7340532167946,7340532168118
5,7340532168582,7340542332606
1,7340542334442,7340552509007
11,7340552510863,7340563353754
3,7340563362953,7340573699778
16,7340573707293,7340573708171
7,7340573709563,7340583913027
16,7340583916850,7340583917728
15,7340583918747,7340594838329
13,7340594846056,7340605113603
16,7340605117355,7340605117910
9,7340605118546,7340615393860
16,7340615397703,7340615398561
16,7340615399630,7340615399973
1,7340615400911,7340625673719
5,7340625677794,7340636359580
11,7340636367669,7340646639809
16,7340646644842,7340646645397
3,7340646646224,7340657031344
7,7340657040725,7340667245833
16,7340667248385,7340667248940
16,7340667249606,7340667249908
13,7340667250534,7340677524506
16,7340677528824,7340677529691
16,7340677530992,7340677531598
15,7340677532798,7340687813670
16,7340687820661,7340687821135
5,7340687822406,7340698688961
1,7340698698674,7340709523883
11,7340709532245,7340719833544
3,7340719841886,7340730162602
9,7340730170793,7340740993479
16,7340741001549,7340741002356
7,7340741003385,7340751374051
16,7340751383049,7340751384058
13,7340751385288,7340761750145
16,7340761758548,7340761759335
16,7340761760565,7340761761140
16,7340761762260,7340761762724
5,7340761763995,7340772098106
1,7340772105016,7340782398154
11,7340782405386,7340792790609
16,7340792797912,7340792798810
3,7340792799919,7340803109691
7,7340803117054,7340813530742
16,7340813539599,7340813540476
16,7340813541556,7340813542030
15,7340813543089,7340824416836
13,7340824426106,7340834751230
16,7340834759047,7340834759995
9,7340834761508,7340845404707
16,7340845413603,7340845414380
16,7340845415358,7340845415742
5,7340845416781,7340855744387
1,7340855752013,7340866060372
11,7340866067342,7340876981861
3,7340876989043,7340887268392
16,7340887274797,7340887275463
7,7340887276230,7340897570155
16,7340897578063,7340897578335
13,7340897578850,7340907756976
15,7340907758781,7340917978173
5,7340917985809,7340928176241
1,7340928180155,7340938350140
11,7340938351906,7340948582323
3,7340948587578,7340958843971
9,7340958849045,7340969082002
7,7340969087267,7340979310472
13,7340979315122,7340989572283
1,7340989578043,7340999811356
5,7340999816208,7341010061117
11,7341010066301,7341020403083
3,7341020412918,7341030777778
7,7341030783416,7341041034118
15,7341041039989,7341051315162
13,7341051322414,7341061497020
9,7341061498674,7341071691689
1,7341071693777,7341081917234
5,7341081919453,7341092129938
11,7341092133135,7341102331455
3,7341102334128,7341112536332
7,7341112538884,7341122755210
13,7341122758447,7341132974813
15,7341132978223,7341143198099
5,7341143201266,7341153424118
1,7341153428153,7341163732472
11,7341163741399,7341173968634
3,7341173973939,7341184258707
9,7341184265647,7341194498162
7,7341194502338,7341204682783
13,7341204684821,7341214884604
1,7341214887700,7341225102079
5,7341225105176,7341235327463
11,7341235330832,7341245547157
3,7341245550314,7341255791444
7,7341255796467,7341266021488
15,7341266025109,7341276259954
13,7341276265159,7341286481333
9,7341286484500,7341296699595
1,7341296702672,7341306938041
5,7341306942581,7341317158261
11,7341317161357,7341327379146
3,7341327382223,7341337593908
7,7341337596975,7341347843813
13,7341347848958,7341358072344
15,7341358075602,7341368292836
5,7341368295973,7341378516535
1,7341378520176,7341388753871
11,7341388757765,7341398985650
3,7341398988918,7341409210549
9,7341409213727,7341419441703
7,7341419444840,7341429691467
13,7341429696783,7341439887053
1,7341439890261,7341450121051
5,7341450126306,7341460394219
11,7341460400352,7341470849152
3,7341470851361,7341481037425
7,7341481039473,7341491258028
15,7341491263626,7341501437384
13,7341501439694,7341511615419
9,7341511617931,7341521783115
5,7341521784679,7341531981556
1,7341531984229,7341542180502
11,7341542183074,7341552454767
3,7341552459720,7341562735548
7,7341562739876,7341573013879
15,7341573018146,7341583410169
1,7341583418783,7341593717063
5,7341593724145,7341603943284
11,7341603947480,7341614130630
3,7341614133101,7341624307606
9,7341624309199,7341634550036
7,7341634554101,7341644691819
5,7341644696217,7341654823554
1,7341654827700,7341664966643
11,7341664971091,7341675104259
3,7341675108334,7341685248684
7,7341685252759,7341695372007
15,7341695375013,7341705480835
9,7341705483206,7341715690746
5,7341715698956,7341725861437
1,7341725863404,7341736028327
11,7341736029900,7341746193965
3,7341746195448,7341756397308
7,7341756401858,7341766596254
15,7341766599240,7341776805569
5,7341776809008,7341787087853
1,7341787093905,7341797300628
11,7341797304431,7341807536443
3,7341807541305,7341817751053
9,7341817754554,7341828028547
7,7341828033580,7341838557711
5,7341838562371,7341848788471
1,7341848792516,7341859312083
11,7341859316239,7341869865184
3,7341869870086,7341880142697
7,7341880146964,7341890419383
15,7341890423458,7341900722316
9,7341900729901,7341910967833
1,7341910972291,7341921152778
5,7341921155542,7341931327766
11,7341931329582,7341941495815
3,7341941497339,7341951713442
7,7341951717053,7341961918561
15,7341961921022,7341972124436
1,7341972127008,7341982419491
5,7341982425987,7341992602781
11,7341992605384,7342002792800
3,7342002795412,7342012989698
9,7342012994116,7342023171778
7,7342023174028,7342033340130
1,7342033342430,7342043521988
5,7342043524530,7342053723879
11,7342053726612,7342063937057
3,7342063940335,7342074136154
7,7342074139947,7342084270234
15,7342084274360,7342094467475
9,7342094471742,7342104650070
5,7342104653974,7342114896308
1,7342114900263,7342125035055
11,7342125039806,7342135182365
3,7342135186460,7342145349914
7,7342145353787,7342155498515
15,7342155503125,7342165652614
5,7342165658666,7342175803132
1,7342175808498,7342185957458
11,7342185961896,7342196129320
3,7342196134545,7342206246581
9,7342206248628,7342216354461
7,7342216356377,7342226457570
5,7342226460491,7342236549864
1,7342236551557,7342246646086
11,7342246647797,7342256765407
3,7342256767951,7342266895242
7,7342266940256,7342277076162
15,7342277079807,7342287217938
9,7342287221623,7342297355566
5,7342297358747,7342307492469
1,7342307495331,7342317622079
11,7342317624932,7342327757048
3,7342327760143,7342337894850
7,7342337898892,7342348040999
15,7342348045457,7342358139394
5,7342358141995,7342368228023
1,7342368230054,7342378316043
11,7342378317600,7342388433742
3,7342388436672,7342398569570
9,7342398573042,7342408706386
7,7342408709297,7342418835774
5,7342418838985,7342428972241
1,7342428975278,7342439107781
11,7342439110730,7342449240360
3,7342449243397,7342459372680
7,7342459375697,7342469472072
15,7342469474363,7342479572595
9,7342479575196,7342489658421
1,7342489661370,7342499777365
5,7342499780179,7342509943385
11,7342509949516,7342520101590
3,7342520107228,7342530199310
7,7342530202481,7342540293944
15,7342540296333,7342550382400
1,7342550384518,7342560472993
5,7342560475527,7342570591667
11,7342570594539,7342580737196
3,7342580740735,7342590904936
9,7342590910699,7342601049459
7,7342601052340,7342611183924
1,7342611187086,7342621329627
5,7342621332702,7342631466645
11,7342631469584,7342641654083
3,7342641658928,7342652072200
7,7342652080999,7342662246545
15,7342662253266,7342672360171
9,7342672363537,7342682451257
1,7342682453268,7342692560562
5,7342692565358,7342702667477
11,7342702671394,7342712766589
3,7342712771308,7342722864280
7,7342722866059,7342732944032
15,7342732946382,7342743033416
1,7342743035408,7342753089690
5,7342753091508,7342763173900
11,7342763175747,7342773262414
3,7342773264038,7342783373401
9,7342783378410,7342793467996
7,7342793471004,7342803572950
1,7342803575967,7342813684033
5,7342813686499,7342823810753
11,7342823813645,7342833936022
3,7342833939136,7342844072335
15,7342844076890,7342854437885
9,7342854445418,7342864498027
5,7342864504438,7342874592652
1,7342874595002,7342884692895
11,7342884696609,7342894777812
3,7342894779273,7342904888334
15,7342904891187,7342915025014
5,7342915028360,7342925162497
1,7342925166336,7342935264646
11,7342935268456,7342945353643
3,7342945355325,7342955440222
9,7342955441605,7342965562059
5,7342965564776,7342975766904
1,7342975771875,7342985939487
11,7342985943761,7342996046664
3,7342996048308,7343006134897
15,7343006136657,7343016337598
9,7343016343197,7343026496951
1,7343026504446,7343036604514
5,7343036606825,7343046691733
11,7343046693560,7343056785275
3,7343056788060,7343066879126
15,7343066880876,7343076967127
1,7343076968567,7343087055912
11,7343087057314,7343097174798
3,7343097177583,7343107320994
9,7343107324359,7343117454628
1,7343117457567,7343127590456
11,7343127593348,7343137734902
3,7343137738925,7343147873004
15,7343147876147,7343158138076
9,7343158145628,7343168297015
1,7343168331315,7343178448297
11,7343178453423,7343188613977
3,7343188620205,7343198757686
15,7343198762957,7343208925225
1,7343208930369,7343219069561
3,7343219074793,7343229224356
9,7343229229558,7343239369138
1,7343239374428,7343249545718
3,7343249552033,7343259664864
15,7343259669361,7343269753185
9,7343269754655,7343279851774
3,7343279854694,7343289955228
15,7343289957665,7343300076001
3,7343300078157,7343310201561
9,7343310203930,7343320340320
3,7343320343656,7343330478422
15,7343330480975,7343340615595
9,7343340618748,7343350765013
3,7343350769084,7343360910442
3,7343360914117,7343371014012
9,7343371017281,7343381150229
3,7343381154668,7343391245075
9,7343391246932,7343401333037
3,7343401334749,7343411452573
3,7343411454661,7343421569187
9,7343421571421,7343431738784
3,7343431745834,7343441895790
9,7343441901070,7343452034114
3,7343452036734,7343462157111
9,7343462159548,7343472281655
9,7343472284072,7343482408008
9,7343482410116,7343492534041
9,7343492538924,7343502667124
9,7343502670364,7343512795275
9,7343512797373,7343522916551
9,7343522918601,7343533068635
9,7343533073915,7343543170668
9,7343543172872,7343553268561
9,7343553270766,7343563389362
9,7343563395126,7343573486667
9,7343573487895,7343583602749
9,7343583604780,7343593733347
9,7343593737099,7343603853936
9,7343603855763,7343613969884
